{
    "loss": 3.2725415229797363,
    "accuracy": 0.7155172228813171
}