{
    "loss": 1.3976554870605469,
    "accuracy": 0.8448275923728943
}